{"stats":{"minecraft:custom":{"minecraft:jump":61,"minecraft:time_since_rest":3565,"minecraft:crouch_one_cm":100,"minecraft:damage_dealt":117,"minecraft:damage_taken":180,"minecraft:leave_game":2,"minecraft:play_time":3565,"minecraft:sprint_one_cm":23390,"minecraft:time_since_death":3565,"minecraft:walk_one_cm":9109,"minecraft:sneak_time":5,"minecraft:total_world_time":3565,"minecraft:fall_one_cm":1579,"minecraft:fly_one_cm":25664},"minecraft:mined":{"minecraft:dead_bush":3},"minecraft:used":{"alexsmobs:animal_dictionary":1},"minecraft:picked_up":{"minecraft:stick":4}},"DataVersion":2975}