{"stats":{"minecraft:custom":{"minecraft:jump":21,"minecraft:time_since_rest":2247,"minecraft:crouch_one_cm":825,"minecraft:play_time":2247,"minecraft:time_since_death":2247,"minecraft:walk_one_cm":7671,"minecraft:sneak_time":101,"minecraft:total_world_time":2247,"minecraft:interact_with_crafting_table":1,"minecraft:fly_one_cm":52},"minecraft:used":{"alexsmobs:animal_dictionary":2,"minecraft:crafting_table":1},"minecraft:mined":{"minecraft:oak_log":9,"minecraft:oak_leaves":5,"minecraft:crafting_table":1},"minecraft:crafted":{"minecraft:crafting_table":1,"minecraft:oak_planks":24,"minecraft:stick":4,"minecraft:wooden_pickaxe":1},"minecraft:picked_up":{"minecraft:crafting_table":1,"minecraft:oak_log":9,"minecraft:oak_sapling":1}},"DataVersion":2975}